Date;Type;Valeur;Note;ISIN;Parts;Frais;Impôts / Taxes;ISIN2;Parts2
2023-02-06T15:00:06;Dépôt;200.0;Maxime Farré;;;;;;
2023-02-10T09:07:09;Dépôt;1801.0;Maxime Farré;;;;;;
2023-02-10T11:32:49;Achat;-55.97;Coinbase Global (A);US19260Q1076;1.0;-1.0;;;
2023-02-10T17:07:17;Achat;-51.37;Danone;FR0000120644;1.0;-1.0;-0.15;;
2023-02-10T17:16:23;Achat;-14.86;Eutelsat;FR0010221234;2.0;-1.0;-0.04;;
2023-02-16T14:35:47;Achat;-95.0;Amazon.com;US0231351067;1.023376;;;;
2023-02-16T14:50:51;Achat;-95.0;Alphabet (A);US02079K3059;1.054969;;;;
2023-02-16T15:18:36;Achat;-15.0;Tesla;US88160R1014;0.075;;;;
2023-03-01T11:13:51;Intérêts;1.87;Zinsen;;;;;;
2023-03-02T09:51:56;Achat;-15.05;LVMH Moët Hennessy;FR0000121014;0.019079;;;;
2023-03-02T15:15:47;Achat;-20.0;Meta Platforms (A);US30303M1027;0.122955;;;;
2023-03-02T15:19:43;Achat;-20.0;Tesla;US88160R1014;0.110601;;;;
2023-03-16T09:52:01;Achat;-15.05;LVMH Moët Hennessy;FR0000121014;0.019243;;;;
2023-03-16T14:36:03;Achat;-10.0;Amazon.com;US0231351067;0.107979;;;;
2023-03-16T14:38:47;Achat;-20.0;Apple;US0378331005;0.13835;;;;
2023-03-16T14:49:59;Achat;-10.0;Alphabet (A);US02079K3059;0.107204;;;;
2023-03-16T15:18:58;Achat;-20.0;Tesla;US88160R1014;0.116022;;;;
2023-03-16T15:36:42;Achat;-10.0;Microsoft;US5949181045;0.039062;;;;
2023-04-01T05:17:42;Intérêts;2.73;Zinsen;;;;;;
2023-04-03T08:52:03;Achat;-15.05;LVMH Moët Hennessy;FR0000121014;0.017793;;;;
2023-04-03T14:15:45;Achat;-20.0;Meta Platforms (A);US30303M1027;0.10368;;;;
2023-04-03T14:18:46;Achat;-20.0;Tesla;US88160R1014;0.110607;;;;
2023-04-17T08:51:46;Achat;-15.05;LVMH Moët Hennessy;FR0000121014;0.016991;;;;
2023-04-17T13:36:15;Achat;-10.0;Amazon.com;US0231351067;0.105764;;;;
2023-04-17T13:40:02;Achat;-20.0;Apple;US0378331005;0.13259;;;;
2023-04-17T14:02:16;Achat;-10.0;Alphabet (A);US02079K3059;0.103637;;;;
2023-04-17T14:18:22;Achat;-20.0;Tesla;US88160R1014;0.116726;;;;
2023-04-17T14:39:37;Achat;-10.0;Microsoft;US5949181045;0.037992;;;;
2023-04-26T23:05:03;Dividendes;0.38;LVMH Moët Hennessy;FR0000121014;0.073106;;-0.13;;
2023-05-01T08:45:25;Intérêts;2.42;Zinsen;;;;;;
2023-05-02T08:52:04;Achat;-15.05;LVMH Moët Hennessy;FR0000121014;0.017191;;;;
2023-05-02T14:18:26;Achat;-20.0;Tesla;US88160R1014;0.133832;;;;
2023-05-10T23:21:05;Dividendes;1.5;Danone;FR0000120644;1.0;;-0.5;;
2023-05-16T08:51:53;Achat;-15.05;LVMH Moët Hennessy;FR0000121014;0.01715;;;;
2023-05-16T13:35:25;Achat;-10.0;Amazon.com;US0231351067;0.097333;;;;
2023-05-16T13:38:03;Achat;-20.0;Apple;US0378331005;0.125976;;;;
2023-05-16T13:49:11;Achat;-10.0;Alphabet (A);US02079K3059;0.092319;;;;
2023-05-16T14:18:10;Achat;-20.0;Tesla;US88160R1014;0.130616;;;;
2023-05-16T14:36:07;Achat;-10.0;Microsoft;US5949181045;0.034794;;;;
2023-05-17T23:39:24;Dividendes;0.05;Apple;US0378331005;0.27094;;-0.01;;
2023-06-01T12:52:49;Intérêts;2.28;Zinsen;;;;;;
2023-06-02T10:25:32;Achat;-15.05;LVMH Moët Hennessy;FR0000121014;0.018148;;;;
2023-06-02T14:18:57;Achat;-20.0;Tesla;US88160R1014;0.100401;;;;
2023-06-02T15:02:36;Achat;-10.0;Tractor Supply;US8923561067;0.051072;;;;
2023-06-09T23:18:09;Dividendes;0.06;Microsoft;US5949181045;0.111848;;-0.01;;
2023-06-16T08:51:56;Achat;-15.05;LVMH Moët Hennessy;FR0000121014;0.017574;;;;
2023-06-16T13:37:31;Achat;-10.0;Amazon.com;US0231351067;0.08676;;;;
2023-06-16T13:38:58;Achat;-20.0;Apple;US0378331005;0.118049;;;;
2023-06-16T13:49:11;Achat;-10.0;Alphabet (A);US02079K3059;0.08795;;;;
2023-06-16T14:18:30;Achat;-20.0;Tesla;US88160R1014;0.083229;;;;
2023-06-16T14:36:30;Achat;-10.0;Microsoft;US5949181045;0.031461;;;;
2023-06-16T15:02:33;Achat;-10.0;Tractor Supply;US8923561067;0.049701;;;;
2023-07-01T04:48:58;Intérêts;1.99;Zinsen;;;;;;
2023-07-03T08:52:14;Achat;-15.05;LVMH Moët Hennessy;FR0000121014;0.017601;;;;
2023-07-03T14:16:33;Achat;-10.0;Meta Platforms (A);US30303M1027;0.0379;;;;
2023-07-03T14:19:48;Achat;-20.0;Tesla;US88160R1014;0.077441;;;;
2023-07-03T15:02:33;Achat;-10.0;Tractor Supply;US8923561067;0.049701;;;;
2023-07-17T08:52:00;Achat;-15.05;LVMH Moët Hennessy;FR0000121014;0.017421;;;;
2023-07-17T13:36:08;Achat;-10.0;Amazon.com;US0231351067;0.083125;;;;
2023-07-17T13:39:33;Achat;-20.0;Apple;US0378331005;0.115928;;;;
2023-07-17T13:49:38;Achat;-10.0;Alphabet (A);US02079K3059;0.089485;;;;
2023-07-17T14:18:16;Achat;-20.0;Tesla;US88160R1014;0.077911;;;;
2023-07-17T14:36:33;Achat;-10.0;Microsoft;US5949181045;0.032583;;;;
2023-07-17T15:02:33;Achat;-10.0;Tractor Supply;US8923561067;0.053134;;;;
2023-08-01T16:35:12;Intérêts;1.81;Zinsen;;;;;;
2023-08-02T08:52:17;Achat;-15.05;LVMH Moët Hennessy;FR0000121014;0.01838;;;;
2023-08-02T14:15:50;Achat;-10.0;Meta Platforms (A);US30303M1027;0.03459;;;;
2023-08-02T14:18:28;Achat;-20.0;Tesla;US88160R1014;0.085579;;;;
2023-08-02T15:02:33;Achat;-10.0;Tractor Supply;US8923561067;0.048543;;;;
2023-08-16T08:52:37;Achat;-15.05;LVMH Moët Hennessy;FR0000121014;0.018534;;;;
2023-08-16T13:35:55;Achat;-10.0;Amazon.com;US0231351067;0.07991;;;;
2023-08-16T13:40:31;Achat;-20.0;Apple;US0378331005;0.122744;;;;
2023-08-16T13:49:17;Achat;-10.0;Alphabet (A);US02079K3059;0.084175;;;;
2023-08-16T14:19:02;Achat;-20.0;Tesla;US88160R1014;0.093523;;;;
2023-08-16T14:38:12;Achat;-10.0;Microsoft;US5949181045;0.033811;;;;
2023-08-16T15:02:33;Achat;-10.0;Tractor Supply;US8923561067;0.048923;;;;
2023-08-16T23:21:38;Dividendes;0.12;Apple;US0378331005;0.630893;;-0.02;;
2023-09-01T05:38:48;Intérêts;1.55;Zinsen;;;;;;
2023-09-04T08:53:04;Achat;-30.09;LVMH Moët Hennessy;FR0000121014;0.038372;;;;
2023-09-04T13:50:36;Achat;-10.0;Alphabet (A);US02079K3059;0.079365;;;;
2023-09-04T14:16:07;Achat;-10.0;Meta Platforms (A);US30303M1027;0.036238;;;;
2023-09-04T14:21:25;Achat;-20.0;Tesla;US88160R1014;0.086244;;;;
2023-09-04T15:02:33;Achat;-10.0;Tractor Supply;US8923561067;0.04878;;;;
2023-09-11T22:52:55;Dividendes;0.24;Tractor Supply;US8923561067;0.301074;;-0.05;;
2023-09-14T22:40:27;Dividendes;0.09;Microsoft;US5949181045;0.175892;;-0.02;;
2023-09-18T08:52:03;Achat;-30.09;LVMH Moët Hennessy;FR0000121014;0.039973;;;;
2023-09-18T13:39:31;Achat;-20.0;Apple;US0378331005;0.119703;;;;
2023-09-18T14:36:45;Achat;-10.0;Microsoft;US5949181045;0.032441;;;;
2023-10-02T08:52:40;Achat;-30.09;LVMH Moët Hennessy;FR0000121014;0.041591;;;;
2023-10-02T10:13:24;Intérêts;1.25;Zinsen;;;;;;
2023-10-02T13:51:44;Achat;-10.0;Alphabet (A);US02079K3059;0.079164;;;;
2023-10-02T14:15:55;Achat;-10.0;Meta Platforms (A);US30303M1027;0.034423;;;;
2023-10-02T14:19:15;Achat;-10.0;Tesla;US88160R1014;0.041928;;;;
2023-10-02T17:24:21;Achat;-20.0;Tractor Supply;US8923561067;0.103466;;;;
2023-10-16T08:52:45;Achat;-30.09;LVMH Moët Hennessy;FR0000121014;0.045378;;;;
2023-10-16T14:18:55;Achat;-10.0;Tesla;US88160R1014;0.04171;;;;
2023-10-16T14:32:44;Achat;-20.0;Apple;US0378331005;0.117966;;;;
2023-10-16T14:37:02;Achat;-10.0;Microsoft;US5949181045;0.031466;;;;
2023-10-30T09:17:59;Vente;252.97;LVMH Moët Hennessy;FR0000121014;0.380419;-1.0;;;
2023-11-01T06:22:49;Intérêts;1.06;Zinsen;;;;;;
2023-11-02T14:50:29;Achat;-10.0;Alphabet (A);US02079K3059;0.083277;;;;
2023-11-02T15:24:16;Achat;-10.0;Meta Platforms (A);US30303M1027;0.034399;;;;
2023-11-02T15:24:53;Achat;-25.0;Tesla;US88160R1014;0.122428;;;;
2023-11-02T16:02:33;Achat;-20.0;Tractor Supply;US8923561067;0.108695;;;;
2023-11-16T11:59:13;Dividendes;0.18;Apple;US0378331005;0.991306;;-0.04;;
2023-11-16T15:19:53;Achat;-25.0;Tesla;US88160R1014;0.11481;;;;
2023-11-16T15:33:34;Achat;-20.0;Apple;US0378331005;0.114534;;;;
2023-12-01T18:55:34;Intérêts;1.22;Zinsen;;;;;;
2023-12-04T14:50:23;Achat;-10.0;Alphabet (A);US02079K3059;0.084146;;;;
2023-12-04T15:24:14;Achat;-10.0;Meta Platforms (A);US30303M1027;0.034211;;;;
2023-12-04T16:02:37;Achat;-20.0;Tractor Supply;US8923561067;0.101677;;;;
2023-12-12T00:43:44;Dividendes;0.46;Tractor Supply;US8923561067;0.562015;;-0.09;;
2023-12-14T17:54:38;Dividendes;0.16;Microsoft;US5949181045;0.27361;;-0.03;;
2023-12-18T15:41:09;Achat;-20.0;Apple;US0378331005;0.111869;;;;
2023-12-29T15:04:44;Intérêts;1.04;Zinsen;;;;;;
2024-01-02T14:50:33;Achat;-10.0;Alphabet (A);US02079K3059;0.079732;;;;
2024-01-02T15:16:43;Achat;-10.0;Meta Platforms (A);US30303M1027;0.031852;;;;
2024-01-02T16:02:46;Achat;-20.0;Tractor Supply;US8923561067;0.0998;;;;
2024-01-09T23:37:23;Dividendes;0.04;Walt Disney;US2546871060;0.1977;;-0.01;;
2024-01-16T15:33:58;Achat;-20.0;Apple;US0378331005;0.119104;;;;
2024-02-01T12:21:47;Intérêts;1.14;Zinsen;;;;;;
2024-02-02T14:51:51;Achat;-10.0;Alphabet (A);US02079K3059;0.078641;;;;
2024-02-02T16:02:38;Achat;-20.0;Tractor Supply;US8923561067;0.094073;;;;
2024-02-15T01:11:07;Dividendes;0.25;Apple;US0378331005;1.336813;;-0.05;;
2024-02-16T15:33:33;Achat;-20.0;Apple;US0378331005;0.11791;;;;
2024-03-01T12:43:10;Intérêts;0.89;Zinsen;;;;;;
2024-03-04T14:52:10;Achat;-10.0;Alphabet (A);US02079K3059;0.081579;;;;
2024-03-12T01:14:30;Dividendes;0.73;Tractor Supply;US8923561067;0.857565;;-0.13;;
2024-03-15T01:39:20;Dividendes;0.16;Microsoft;US5949181045;0.27361;;-0.03;;
2024-03-18T15:33:36;Achat;-20.0;Apple;US0378331005;0.123183;;;;
2024-03-26T02:08:47;Dividendes;0.18;Meta Platforms (A);US30303M1027;0.470248;;-0.04;;
2024-04-01T14:09:24;Intérêts;0.9;Zinsen;;;;;;
2024-04-02T14:09:17;Achat;-20.0;BlackRock;US09247X1019;0.026315;;;;
2024-04-02T14:34:02;Achat;-20.0;Broadcom;US11135F1012;0.016496;;;;
2024-04-02T14:45:47;Achat;-30.0;Tesla;US88160R1014;0.195771;;;;
2024-04-02T15:09:13;Achat;-20.0;NVIDIA;US67066G1040;0.024369;;;;
2024-04-02T15:20:33;Achat;-20.0;Visa;US92826C8394;0.077429;;;;
2024-04-16T13:58:45;Achat;-20.0;Broadcom;US11135F1012;0.016118;;;;
2024-04-16T13:59:23;Achat;-20.0;BlackRock;US09247X1019;0.027874;;;;
2024-04-16T14:37:27;Achat;-20.0;Apple;US0378331005;0.124177;;;;
2024-04-16T14:45:28;Achat;-20.0;NVIDIA;US67066G1040;0.0245;;;;
2024-04-16T15:10:38;Achat;-20.0;Visa;US92826C8394;0.078262;;;;
2024-05-01T08:59:49;Intérêts;0.6;Zinsen;;;;;;
2024-05-02T14:05:56;Achat;-20.0;Broadcom;US11135F1012;0.017205;;;;
2024-05-02T14:18:09;Achat;-20.0;BlackRock;US09247X1019;0.028304;;;;
2024-05-02T15:10:55;Achat;-30.0;Tesla;US88160R1014;0.17904;;;;
2024-05-02T15:13:40;Achat;-20.0;NVIDIA;US67066G1040;0.025135;;;;
2024-05-02T15:34:55;Achat;-20.0;Visa;US92826C8394;0.079824;;;;
2024-05-06T23:55:11;Dividendes;1.57;Danone;FR0000120644;1.0;;-0.53;;
2024-05-16T00:54:23;Dividendes;0.34;Apple;US0378331005;1.702083;;-0.06;;
2024-05-16T14:06:15;Achat;-20.0;Broadcom;US11135F1012;0.015119;;;;
2024-05-16T15:01:14;Achat;-20.0;Apple;US0378331005;0.114194;;;;
2024-05-16T15:15:43;Achat;-20.0;NVIDIA;US67066G1040;0.022755;;;;
2024-05-16T15:22:07;Achat;-20.0;Visa;US92826C8394;0.077399;;;;
2024-05-16T17:24:07;Achat;-20.0;BlackRock;US09247X1019;0.026741;;;;
2024-05-31T23:43:02;Dividendes;0.09;Visa;US92826C8394;0.235515;;-0.02;;
2024-06-01T16:13:03;Intérêts;0.27;Zinsen;;;;;;
2024-06-03T14:11:23;Achat;-20.0;Broadcom;US11135F1012;0.016331;;;;
2024-06-03T14:13:17;Achat;-20.0;BlackRock;US09247X1019;0.028105;;;;
2024-06-03T15:54:28;Achat;-20.0;Visa;US92826C8394;0.08045;;;;
2024-06-13T10:14:45;Dividendes;0.73;Tractor Supply;US8923561067;0.857565;;0.13;;
2024-06-13T11:17:12;Dividendes;0.16;Microsoft;US5949181045;0.27361;;0.03;;
2024-06-17T13:58:12;Achat;-20.0;BlackRock;US09247X1019;0.027808;;;;
2024-06-17T22:27:10;Dividendes;0.35;;US02079K3059;2.185643;;0.06;;
2024-06-21T22:46:41;Dividendes;0.55;BlackRock;US09247X1019;0.137339;;0.1;;
2024-06-27T10:37:22;Dividendes;0.18;Meta Platforms (A);US30303M1027;0.470248;;0.04;;
2024-06-28T12:15:45;Dividendes;0.34;Broadcom;US11135F1012;0.081269;;0.06;;
2024-06-28T13:54:48;Dividendes;0.01;NVIDIA;US67066G1040;0.96759;;;;
2024-07-01T05:37:51;Intérêts;0.05;Zinsen;;;;;;
2024-07-15T05:46:58;SPLIT;0;Broadcom;US11135F1012;0.731421;;;;
2024-07-25T15:42:32;Dividendes;0.07;Walt Disney;US2546871060;0.1977;;0.01;;
2024-08-01T07:40:20;Intérêts;0.03;Zinsen;;;;;;
2024-08-15T18:00:49;Dividendes;0.35;Apple;US0378331005;1.816277;;0.06;;
2024-09-01T19:54:35;Intérêts;0.03;Zinsen;;;;;;
2024-09-03T15:49:40;Dividendes;0.15;Visa;US92826C8394;0.393364;;0.03;;
2024-09-10T12:34:38;Dividendes;0.72;Tractor Supply;US8923561067;0.857565;;0.13;;
2024-09-12T08:55:21;Dividendes;0.16;Microsoft;US5949181045;0.27361;;0.03;;
2024-09-16T08:12:38;Dividendes;0.34;Alphabet (A);US02079K3059;2.185643;;0.06;;
2024-09-23T08:23:26;Dividendes;0.63;BlackRock;US09247X1019;0.165147;;0.12;;
2024-09-26T08:21:55;Dividendes;0.17;Meta Platforms (A);US30303M1027;0.470248;;0.04;;
2024-09-30T12:15:03;Dividendes;0.34;Broadcom;US11135F1012;0.81269;;0.05;;
2024-10-01T05:59:23;Intérêts;0.03;Zinsen;;;;;;
2024-10-02T11:21:44;SWAP;0;BlackRock;US09247X1019;0.165147;;;US09290D1019;0.165147
2024-10-03T08:01:11;Dividendes;0.01;NVIDIA;US67066G1040;0.96759;;;;
2024-11-01T06:52:59;Intérêts;0.04;Zinsen;;;;;;
2024-11-14T14:23:38;Dividendes;0.35;Apple;US0378331005;1.816277;;0.07;;
2024-12-01T15:33:24;Intérêts;0.03;Zinsen;;;;;;
2024-12-02T18:27:11;Dividendes;0.19;Visa;US92826C8394;0.393364;;0.03;;
2024-12-10T10:22:26;Dividendes;0.76;Tractor Supply;US8923561067;0.857565;;0.13;;
2024-12-12T10:07:40;Dividendes;0.19;Microsoft;US5949181045;0.27361;;0.03;;
2024-12-16T10:48:53;Dividendes;0.35;Alphabet (A);US02079K3059;2.185643;;0.07;;
2024-12-20T08:02:21;SPLIT;0;Tractor Supply;US8923561067;3.43026;;;;
2024-12-23T12:53:45;Dividendes;0.68;BlackRock;US09290D1019;0.165147;;0.13;;
2024-12-27T13:57:38;Dividendes;0.19;Meta Platforms (A);US30303M1027;0.470248;;0.04;;
2024-12-27T14:58:41;Dividendes;0.01;NVIDIA;US67066G1040;0.96759;;;;
2024-12-31T09:56:18;Dividendes;0.39;Broadcom;US11135F1012;0.81269;;0.07;;
2025-01-01T05:58:08;Intérêts;0.04;Zinsen;;;;;;
2025-01-16T16:34:28;Dividendes;0.08;Walt Disney;US2546871060;0.1977;;0.02;;
2025-02-01T10:56:12;Intérêts;0.04;Zinsen;;;;;;
2025-02-13T13:06:31;Dividendes;0.36;Apple;US0378331005;1.816277;;0.07;;
2025-02-17T15:15:44;Achat;-20.0;Broadcom;US11135F1012;0.0906;;;;
2025-03-01T11:04:22;Intérêts;0.03;Zinsen;;;;;;
2025-03-03T16:09:01;Dividendes;0.19;Visa;US92826C8394;0.393364;;0.03;;
2025-03-11T11:28:59;Dividendes;0.77;Tractor Supply;US8923561067;4.287825;;0.14;;
2025-03-13T08:49:36;Dividendes;0.18;Microsoft;US5949181045;0.27361;;0.03;;
2025-03-17T11:18:03;Dividendes;0.34;Alphabet (A);US02079K3059;2.185643;;0.06;;
2025-03-24T07:23:21;Dépôt;10.0;Maxime Farré;;;;;;
2025-03-24T12:12:57;Dividendes;0.67;BlackRock;US09290D1019;0.165147;;0.12;;
2025-03-25T09:03:55;Dépôt;3000.0;Maxime Farré;;;;;;
2025-03-25T14:33:15;Dépôt;5.0;Maxime Farré;;;;;;
2025-03-26T07:34:17;Dépôt;2000.0;Maxime Farré;;;;;;
2025-03-26T10:30:59;Dividendes;0.19;Meta Platforms (A);US30303M1027;0.470248;;0.04;;
2025-03-30T10:24:20;Dépôt;1.0;M. FARRE MAXIME;;;;;;
2025-03-31T10:22:27;Dividendes;0.42;Broadcom;US11135F1012;0.90329;;0.07;;
2025-04-01T06:14:36;Intérêts;1.6;Zinsen;;;;;;
2025-04-02T09:29:23;Dividendes;0.01;NVIDIA;US67066G1040;0.96759;;;;
2025-04-02T13:49:02;Achat;-25.0;Alphabet (A);US02079K3059;0.172413;;;;
2025-04-02T13:57:26;Achat;-20.0;Booking Holdings;US09857L1089;0.004629;;;;
2025-04-02T14:07:35;Achat;-25.0;BlackRock;US09290D1019;0.028477;;;;
2025-04-02T14:09:04;Achat;-20.0;NVIDIA;US67066G1040;0.199084;;;;
2025-04-02T14:15:44;Achat;-25.0;Broadcom;US11135F1012;0.160338;;;;
2025-04-02T14:15:57;Achat;-25.0;Meta Platforms (A);US30303M1027;0.046244;;;;
2025-04-02T14:48:18;Achat;-30.0;Microsoft;US5949181045;0.08536;;;;
2025-04-02T14:54:25;Achat;-25.0;Amazon.com;US0231351067;0.141163;;;;
2025-04-02T15:08:31;Achat;-25.0;Visa;US92826C8394;0.078616;;;;
2025-04-16T13:48:47;Achat;-25.0;Alphabet (A);US02079K3059;0.185102;;;;
2025-04-16T13:56:41;Achat;-20.0;Booking Holdings;US09857L1089;0.004962;;;;
2025-04-16T14:07:17;Achat;-25.0;BlackRock;US09290D1019;0.032354;;;;
2025-04-16T14:08:10;Achat;-20.0;NVIDIA;US67066G1040;0.215377;;;;
2025-04-16T14:15:27;Achat;-25.0;Meta Platforms (A);US30303M1027;0.055965;;;;
2025-04-16T14:15:49;Achat;-25.0;Broadcom;US11135F1012;0.162443;;;;
2025-04-16T14:52:28;Achat;-25.0;Amazon.com;US0231351067;0.160092;;;;
2025-04-16T15:08:31;Achat;-25.0;Visa;US92826C8394;0.084488;;;;
2025-05-01T05:46:43;Intérêts;6.6;Zinsen;;;;;;
2025-05-02T08:41:42;Achat;-15.0;BYD;CNE100000296;0.342622;;;;
2025-05-02T13:49:02;Achat;-25.0;Alphabet (A);US02079K3059;0.175389;;;;
2025-05-02T13:56:42;Achat;-20.0;Booking Holdings;US09857L1089;0.004393;;;;
2025-05-02T14:07:31;Achat;-25.0;BlackRock;US09290D1019;0.030517;;;;
2025-05-02T14:08:58;Achat;-20.0;NVIDIA;US67066G1040;0.199521;;;;
2025-05-02T14:15:43;Achat;-25.0;Broadcom;US11135F1012;0.139213;;;;
2025-05-02T14:15:46;Achat;-25.0;Meta Platforms (A);US30303M1027;0.047782;;;;
2025-05-02T14:44:19;Achat;-30.0;Microsoft;US5949181045;0.078196;;;;
2025-05-02T14:52:26;Achat;-25.0;Amazon.com;US0231351067;0.149593;;;;
2025-05-02T15:08:43;Achat;-25.0;Visa;US92826C8394;0.081486;;;;
2025-05-07T06:25:52;Dépôt;7000.0;Maxime Farré;;;;;;
2025-05-07T15:41:11;Dividendes;1.5;Danone;FR0000120644;1.0;;0.65;;
2025-05-15T08:23:00;Dividendes;0.24;Apple;US0378331005;1.816277;;0.18;;
2025-05-16T08:41:23;Achat;-15.0;BYD;CNE100000296;0.30303;;;;
2025-05-16T13:48:33;Achat;-25.0;Alphabet (A);US02079K3059;0.166289;;;;
2025-05-16T13:56:41;Achat;-20.0;Booking Holdings;US09857L1089;0.00426;;;;
2025-05-16T14:07:17;Achat;-25.0;BlackRock;US09290D1019;0.028261;;;;
2025-05-16T14:08:25;Achat;-20.0;NVIDIA;US67066G1040;0.164934;;;;
2025-05-16T14:15:26;Achat;-25.0;Meta Platforms (A);US30303M1027;0.04379;;;;
2025-05-16T14:52:10;Achat;-25.0;Amazon.com;US0231351067;0.136047;;;;
2025-05-16T15:08:31;Achat;-25.0;Visa;US92826C8394;0.076464;;;;
2025-05-16T21:16:05;Dépôt;5000.0;Maxime Farré;;;;;;
2025-06-01T11:26:06;Intérêts;16.75;Zinsen;;;;;;
2025-06-02T08:41:23;Achat;-40.0;BYD;CNE100000296;0.925925;;;;
2025-06-02T13:49:20;Achat;-60.0;Alphabet (A);US02079K3059;0.406448;;;;
2025-06-02T13:56:43;Achat;-50.0;Booking Holdings;US09857L1089;0.010399;;;;
2025-06-02T14:05:16;Dividendes;0.19;Visa;US92826C8394;0.637954;;0.15;;
2025-06-02T14:07:18;Achat;-50.0;BlackRock;US09290D1019;0.058837;;;;
2025-06-02T14:10:55;Achat;-50.0;NVIDIA;US67066G1040;0.419956;;;;
2025-06-02T14:15:26;Achat;-60.0;Meta Platforms (A);US30303M1027;0.104876;;;;
2025-06-02T14:15:43;Achat;-60.0;Broadcom;US11135F1012;0.277123;;;;
2025-06-02T14:45:10;Achat;-70.0;Microsoft;US5949181045;0.173999;;;;
2025-06-02T14:54:20;Achat;-60.0;Amazon.com;US0231351067;0.333964;;;;
2025-06-02T15:14:34;Achat;-60.0;Visa;US92826C8394;0.189304;;;;
2025-06-10T11:36:59;Dividendes;0.48;Tractor Supply;US8923561067;4.287825;;0.39;;
2025-06-12T12:48:16;Dividendes;0.17;Microsoft;US5949181045;0.437166;;0.14;;
2025-06-16T08:41:23;Achat;-40.0;BYD;CNE100000296;2.777777;;;;
2025-06-16T09:55:20;Dividendes;0.32;Alphabet (A);US02079K3059;3.291284;;0.28;;
2025-06-16T13:48:33;Achat;-60.0;Alphabet (A);US02079K3059;0.39693;;;;
2025-06-16T13:56:42;Achat;-50.0;Booking Holdings;US09857L1089;0.010815;;;;
2025-06-16T14:07:17;Achat;-50.0;BlackRock;US09290D1019;0.058878;;;;
2025-06-16T14:09:39;Achat;-50.0;NVIDIA;US67066G1040;0.401477;;;;
2025-06-16T14:15:25;Achat;-60.0;Meta Platforms (A);US30303M1027;0.099157;;;;
2025-06-16T14:15:44;Achat;-60.0;Broadcom;US11135F1012;0.277328;;;;
2025-06-16T14:43:20;Achat;-70.0;Microsoft;US5949181045;0.169143;;;;
2025-06-16T14:52:10;Achat;-60.0;Amazon.com;US0231351067;0.324009;;;;
2025-06-16T15:08:31;Achat;-60.0;Visa;US92826C8394;0.193767;;;;
2025-06-23T11:29:46;Dividendes;0.85;BlackRock;US09290D1019;0.343593;;0.7;;
2025-06-26T11:37:06;Dividendes;0.19;Meta Platforms (A);US30303M1027;0.768905;;0.15;;
2025-06-30T08:19:05;Dividendes;0.55;Broadcom;US11135F1012;1.919735;;0.42;;
2025-06-30T08:41:33;Dividendes;0.13;Booking Holdings;US09857L1089;0.028643;;0.1;;
2025-07-01T09:01:47;Intérêts;18.48;Zinsen;;;;;;
2025-07-02T08:41:23;Achat;-40.0;BYD;CNE100000296;3.006388;;;;
2025-07-02T13:48:46;Achat;-60.0;Alphabet (A);US02079K3059;0.400908;;;;
2025-07-02T13:56:41;Achat;-50.0;Booking Holdings;US09857L1089;0.010334;;;;
2025-07-02T14:07:17;Achat;-50.0;BlackRock;US09290D1019;0.055438;;;;
2025-07-02T14:08:55;Achat;-50.0;NVIDIA;US67066G1040;0.377757;;;;
2025-07-02T14:15:25;Achat;-60.0;Meta Platforms (A);US30303M1027;0.098167;;;;
2025-07-02T14:15:41;Achat;-60.0;Broadcom;US11135F1012;0.264142;;;;
2025-07-02T14:42:49;Achat;-70.0;Microsoft;US5949181045;0.167404;;;;
2025-07-02T14:52:09;Achat;-60.0;Amazon.com;US0231351067;0.320718;;;;
2025-07-02T15:08:31;Achat;-60.0;Visa;US92826C8394;0.201139;;;;
2025-07-03T07:35:47;Dividendes;0.02;NVIDIA;US67066G1040;2.166462;;;;
2025-07-16T08:41:23;Achat;-40.0;BYD;CNE100000296;2.959674;;;;
2025-07-16T13:48:33;Achat;-60.0;Alphabet (A);US02079K3059;0.379602;;;;
2025-07-16T13:56:42;Achat;-50.0;Booking Holdings;US09857L1089;0.010201;;;;
2025-07-16T14:07:17;Achat;-50.0;BlackRock;US09290D1019;0.053949;;;;
2025-07-16T14:09:33;Achat;-50.0;NVIDIA;US67066G1040;0.339951;;;;
2025-07-16T14:15:27;Achat;-60.0;Meta Platforms (A);US30303M1027;0.097815;;;;
2025-07-16T14:15:41;Achat;-60.0;Broadcom;US11135F1012;0.249014;;;;
2025-07-16T14:43:47;Achat;-70.0;Microsoft;US5949181045;0.160495;;;;
2025-07-16T14:52:09;Achat;-60.0;Amazon.com;US0231351067;0.309278;;;;
2025-07-16T15:08:31;Achat;-60.0;Visa;US92826C8394;0.199634;;;;
2025-07-23T23:22:00;Dividendes;0.05;Walt Disney;US2546871060;0.1977;;0.04;;
2025-07-30T06:25:35;SPLIT;0;BYD;CNE100000296;1.885892;;;;
2025-08-01T08:28:43;Intérêts;16.98;Zinsen;;;;;;
2025-08-04T08:41:24;Achat;-40.0;BYD;CNE100000296;3.149606;;;;
2025-08-04T13:49:34;Achat;-60.0;Alphabet (A);US02079K3059;0.359324;;;;
2025-08-04T13:56:41;Achat;-50.0;Booking Holdings;US09857L1089;0.010743;;;;
2025-08-04T14:07:17;Achat;-50.0;BlackRock;US09290D1019;0.052565;;;;
2025-08-04T14:10:28;Achat;-50.0;NVIDIA;US67066G1040;0.325013;;;;
2025-08-04T14:15:43;Achat;-60.0;Broadcom;US11135F1012;0.234009;;;;
2025-08-04T14:16:19;Achat;-60.0;Meta Platforms (A);US30303M1027;0.091005;;;;
2025-08-04T14:44:14;Achat;-70.0;Microsoft;US5949181045;0.151351;;;;
2025-08-04T14:52:50;Achat;-60.0;Amazon.com;US0231351067;0.32637;;;;
2025-08-04T15:08:32;Achat;-60.0;Visa;US92826C8394;0.201884;;;;
2025-08-12T14:37:33;Dividendes;0.44;BYD;CNE100000296;1.571577;;0.3;;
2025-08-13T05:09:14;SPLIT;0;BYD;CNE100000296;1.257262;;;;
2025-08-13T05:22:45;SPLIT;0;BYD;CNE100000296;1.257262;;;;
2025-08-14T06:55:51;Dividendes;0.22;Apple;US0378331005;1.816277;;0.18;;
2025-08-18T08:41:27;Achat;-40.0;BYD;CNE100000296;3.185981;;;;
2025-08-18T13:49:39;Achat;-60.0;Alphabet (A);US02079K3059;0.342504;;;;
2025-08-18T13:56:42;Achat;-50.0;Booking Holdings;US09857L1089;0.010699;;;;
2025-08-18T14:07:20;Achat;-50.0;BlackRock;US09290D1019;0.051398;;;;
2025-08-18T14:13:48;Achat;-50.0;NVIDIA;US67066G1040;0.320184;;;;
2025-08-18T14:15:44;Achat;-60.0;Broadcom;US11135F1012;0.232468;;;;
2025-08-18T14:16:48;Achat;-60.0;Meta Platforms (A);US30303M1027;0.091645;;;;
2025-08-18T14:49:05;Achat;-70.0;Microsoft;US5949181045;0.157533;;;;
2025-08-18T14:55:57;Achat;-60.0;Amazon.com;US0231351067;0.30352;;;;
2025-08-18T15:09:43;Achat;-60.0;Visa;US92826C8394;0.203735;;;;
2025-09-01T10:56:06;Intérêts;15.77;Zinsen;;;;;;
2025-09-02T08:41:36;Achat;-40.0;BYD;CNE100000296;3.297609;;;;
2025-09-02T13:49:20;Achat;-60.0;Alphabet (A);US02079K3059;0.335083;;;;
2025-09-02T13:56:42;Achat;-50.0;Booking Holdings;US09857L1089;0.010449;;;;
2025-09-02T14:07:18;Achat;-50.0;BlackRock;US09290D1019;0.052487;;;;
2025-09-02T14:10:54;Achat;-50.0;NVIDIA;US67066G1040;0.342794;;;;
2025-09-02T14:15:42;Achat;-60.0;Broadcom;US11135F1012;0.238189;;;;
2025-09-02T14:15:54;Achat;-60.0;Meta Platforms (A);US30303M1027;0.095663;;;;
2025-09-02T14:28:08;Dividendes;0.47;Visa;US92826C8394;1.700146;;0.38;;
2025-09-02T14:44:33;Achat;-70.0;Microsoft;US5949181045;0.162187;;;;
2025-09-02T14:52:53;Achat;-60.0;Amazon.com;US0231351067;0.3125;;;;
2025-09-02T15:09:12;Achat;-60.0;Visa;US92826C8394;0.1999;;;;
2025-09-10T08:25:31;Dividendes;0.46;Tractor Supply;US8923561067;4.287825;;0.38;;
2025-09-11T16:34:43;Dividendes;0.55;Microsoft;US5949181045;1.417091;;0.46;;
2025-09-15T18:27:26;Dividendes;0.55;Alphabet (A);US02079K3059;5.505635;;0.44;;
2025-09-16T08:41:24;Achat;-40.0;BYD;CNE100000296;3.326403;;;;
2025-09-16T13:49:33;Achat;-60.0;Alphabet (A);US02079K3059;0.283085;;;;
2025-09-16T13:56:41;Achat;-50.0;Booking Holdings;US09857L1089;0.010706;;;;
2025-09-16T14:07:16;Achat;-50.0;BlackRock;US09290D1019;0.053106;;;;
2025-09-16T14:10:58;Achat;-50.0;NVIDIA;US67066G1040;0.335435;;;;
2025-09-16T14:15:42;Achat;-60.0;Broadcom;US11135F1012;0.19753;;;;
2025-09-16T14:15:45;Achat;-60.0;Meta Platforms (A);US30303M1027;0.092435;;;;
2025-09-16T14:43:58;Achat;-70.0;Microsoft;US5949181045;0.161625;;;;
2025-09-16T14:53:11;Achat;-60.0;Amazon.com;US0231351067;0.302602;;;;
2025-09-16T15:08:32;Achat;-60.0;Visa;US92826C8394;0.210415;;;;
2025-09-25T12:32:41;Dividendes;1.63;BlackRock;US09290D1019;0.668308;;1.32;;
2025-09-29T16:26:45;Dividendes;0.35;Meta Platforms (A);US30303M1027;1.434792;;0.29;;
2025-09-30T19:52:56;Dividendes;0.92;Broadcom;US11135F1012;3.335087;;0.76;;
2025-09-30T19:53:45;Dividendes;0.41;Booking Holdings;US09857L1089;0.091884;;0.34;;
2025-10-01T00:44:42;Intérêts;13.93;Zinsen;;;;;;
2025-10-02T08:41:26;Achat;-40.0;BYD;CNE100000296;3.212851;;;;
2025-10-02T12:50:19;Dividendes;0.02;NVIDIA;US67066G1040;4.273638;;0.01;;
2025-10-02T13:50:39;Achat;-60.0;Alphabet (A);US02079K3059;0.286259;;;;
2025-10-02T13:56:42;Achat;-50.0;Booking Holdings;US09857L1089;0.010924;;;;
2025-10-02T14:07:18;Achat;-50.0;BlackRock;US09290D1019;0.050994;;;;
2025-10-02T14:11:08;Achat;-50.0;NVIDIA;US67066G1040;0.307692;;;;
2025-10-02T14:15:43;Achat;-60.0;Meta Platforms (A);US30303M1027;0.097386;;;;
2025-10-02T14:15:45;Achat;-60.0;Broadcom;US11135F1012;0.206398;;;;
2025-10-02T14:44:02;Achat;-70.0;Microsoft;US5949181045;0.160073;;;;
2025-10-02T14:53:02;Achat;-60.0;Amazon.com;US0231351067;0.318201;;;;
2025-10-02T15:08:51;Achat;-60.0;Visa;US92826C8394;0.203562;;;;
2025-10-04T12:03:56;Retrait;-5.99;Transaction par carte - HPY*rocket2fame;;;;;;
2025-10-16T08:41:25;Achat;-40.0;BYD;CNE100000296;3.357112;;;;
2025-10-16T13:49:44;Achat;-60.0;Alphabet (A);US02079K3059;0.273722;;;;
2025-10-16T13:56:41;Achat;-50.0;Booking Holdings;US09857L1089;0.011502;;;;
2025-10-16T14:07:19;Achat;-50.0;BlackRock;US09290D1019;0.04859;;;;
2025-10-16T14:11:02;Achat;-50.0;NVIDIA;US67066G1040;0.320184;;;;
2025-10-16T14:15:43;Achat;-60.0;Broadcom;US11135F1012;0.195344;;;;
2025-10-16T14:15:50;Achat;-60.0;Meta Platforms (A);US30303M1027;0.096977;;;;
2025-10-16T14:43:13;Achat;-70.0;Microsoft;US5949181045;0.15846;;;;
2025-10-16T14:53:09;Achat;-60.0;Amazon.com;US0231351067;0.321853;;;;
2025-10-16T15:08:33;Achat;-60.0;Visa;US92826C8394;0.205373;;;;
2025-11-01T02:06:28;Intérêts;13.05;Zinsen;;;;;;
2025-11-03T09:41:24;Achat;-40.0;BYD;CNE100000296;3.623188;;;;
2025-11-03T14:50:17;Achat;-60.0;Alphabet (A);US02079K3059;0.24575;;;;
2025-11-03T14:56:41;Achat;-50.0;Booking Holdings;US09857L1089;0.011457;;;;
2025-11-03T15:07:18;Achat;-50.0;BlackRock;US09290D1019;0.054089;;;;
2025-11-03T15:11:57;Achat;-50.0;NVIDIA;US67066G1040;0.276946;;;;
2025-11-03T15:15:44;Achat;-60.0;Meta Platforms (A);US30303M1027;0.106609;;;;
2025-11-03T15:15:45;Achat;-60.0;Broadcom;US11135F1012;0.188531;;;;
2025-11-03T15:43:56;Achat;-70.0;Microsoft;US5949181045;0.15521;;;;
2025-11-03T15:53:05;Achat;-60.0;Amazon.com;US0231351067;0.270574;;;;
2025-11-03T16:08:33;Achat;-60.0;Visa;US92826C8394;0.205655;;;;
2025-11-13T11:51:38;Dividendes;0.23;Apple;US0378331005;1.816277;;0.18;;
2025-11-17T06:07:56;SPLIT;0;Netflix;US64110L1061;0.1548;;;;
2025-11-17T10:52:20;Achat;-40.0;BYD;CNE100000296;3.58102;;;;
2025-11-17T14:49:41;Achat;-60.0;Alphabet (A);US02079K3059;0.23706;;;;
2025-11-17T14:56:42;Achat;-50.0;Booking Holdings;US09857L1089;0.011481;;;;
2025-11-17T15:07:19;Achat;-50.0;BlackRock;US09290D1019;0.055084;;;;
2025-11-17T15:11:08;Achat;-50.0;NVIDIA;US67066G1040;0.310366;;;;
2025-11-17T15:15:30;Achat;-60.0;Meta Platforms (A);US30303M1027;0.11492;;;;
2025-11-17T15:15:43;Achat;-60.0;Broadcom;US11135F1012;0.200568;;;;
2025-11-17T15:43:50;Achat;-70.0;Microsoft;US5949181045;0.159598;;;;
2025-11-17T15:53:09;Achat;-60.0;Amazon.com;US0231351067;0.303244;;;;
2025-11-17T16:09:01;Achat;-60.0;Visa;US92826C8394;0.211491;;;;
2025-11-28T10:43:52;SPINOFF;0;EUTELSAT COMMS      ANR.;;2.0;;;FR0010221234;
2025-12-01T01:57:26;Intérêts;11.41;Zinsen;;;;;;
2025-12-01T17:01:30;Dividendes;0.92;Visa;US92826C8394;2.928786;;0.77;;
2025-12-02T09:41:23;Achat;-40.0;BYD;CNE100000296;3.57462;;;;
2025-12-02T14:48:59;Achat;-60.0;Alphabet (A);US02079K3059;0.220062;;;;
2025-12-02T14:56:42;Achat;-50.0;Booking Holdings;US09857L1089;0.011709;;;;
2025-12-02T15:07:21;Achat;-50.0;BlackRock;US09290D1019;0.055697;;;;
2025-12-02T15:09:37;Achat;-50.0;NVIDIA;US67066G1040;0.31498;;;;
2025-12-02T15:15:29;Achat;-60.0;Meta Platforms (A);US30303M1027;0.108381;;;;
2025-12-02T15:15:44;Achat;-60.0;Broadcom;US11135F1012;0.178385;;;;
2025-12-02T15:31:23;Achat;-50.0;Berkshire Hathaway (B);US0846707026;0.114771;;;;
2025-12-02T15:42:25;Achat;-70.0;Microsoft;US5949181045;0.165211;;;;
2025-12-02T15:52:20;Achat;-60.0;Amazon.com;US0231351067;0.293183;;;;
2025-12-02T16:08:33;Achat;-60.0;Visa;US92826C8394;0.209533;;;;
2025-12-10T10:07:43;Dividendes;0.47;Tractor Supply;US8923561067;4.287825;;0.38;;
2025-12-11T11:20:05;Dividendes;1.02;Microsoft;US5949181045;2.374244;;0.84;;
2025-12-15T12:57:26;Dividendes;0.69;Alphabet (A);US02079K3059;7.051573;;0.57;;
2025-12-16T09:41:27;Achat;-40.0;BYD;CNE100000296;3.861003;;;;
2025-12-16T14:56:43;Achat;-50.0;Booking Holdings;US09857L1089;0.010708;;;;
2025-12-16T15:07:21;Achat;-50.0;BlackRock;US09290D1019;0.054908;;;;
2025-12-16T15:31:25;Achat;-50.0;Berkshire Hathaway (B);US0846707026;0.117192;;;;
2025-12-16T16:08:33;Achat;-60.0;Visa;US92826C8394;0.203631;;;;
2025-12-23T11:56:26;Dividendes;0.49;Meta Platforms (A);US30303M1027;1.959065;;0.39;;
2025-12-23T11:58:22;Dividendes;2.41;BlackRock;US09290D1019;0.985868;;1.97;;
2025-12-24T12:42:47;Dividendes;0.03;NVIDIA;US67066G1040;6.139241;;0.02;;
2025-12-28T11:57:13;Dépôt;5000.0;MR FARRE MAXIME;;;;;;
2025-12-29T07:58:24;Dépôt;1.0;M FARRE MAXIME;;;;;;
2025-12-30T08:48:50;Dépôt;10000.0;M FARRE MAXIME;;;;;;
2025-12-31T09:27:22;Dividendes;1.31;Broadcom;US11135F1012;4.304313;;1.07;;
2026-01-01T09:14:06;Dividendes;0.7;Booking Holdings;US09857L1089;0.159663;;0.6;;
2026-01-01T13:29:25;Intérêts;11.86;Zinsen;;;;;;
2026-01-02T09:46:17;Achat;-40.0;BYD;CNE100000296;3.652968;;;;
2026-01-02T14:56:41;Achat;-50.0;Booking Holdings;US09857L1089;0.011025;;;;
2026-01-02T15:07:23;Achat;-50.0;BlackRock;US09290D1019;0.054347;;;;
2026-01-02T15:31:24;Achat;-50.0;Berkshire Hathaway (B);US0846707026;0.116904;;;;
2026-01-02T16:08:32;Achat;-60.0;Visa;US92826C8394;0.202771;;;;
2026-01-15T10:28:25;Dividendes;0.07;Walt Disney;US2546871060;0.1977;;0.06;;
2026-01-16T09:41:25;Achat;-40.0;BYD;CNE100000296;3.636363;;;;
2026-01-16T14:56:41;Achat;-50.0;Booking Holdings;US09857L1089;0.011263;;;;
2026-01-16T15:31:24;Achat;-50.0;Berkshire Hathaway (B);US0846707026;0.117702;;;;
2026-02-01T02:18:17;Intérêts;27.33;Zinsen;;;;;;
2026-02-02T09:43:02;Achat;-40.0;BYD;CNE100000296;3.976143;;;;
2026-02-02T14:57:24;Achat;-50.0;Booking Holdings;US09857L1089;0.011627;;;;
2026-02-02T15:35:28;Achat;-50.0;Berkshire Hathaway (B);US0846707026;0.122324;;;;
2026-02-09T11:18:36;Vente;0;Eutelsat Communications Anrechte;FR0014012K95;2.0;;;;
2026-02-10T10:21:16;Vente;0;Eutelsat Communications Anrechte;FR0014012K95;2.0;;;;
2026-02-12T11:20:20;Dividendes;0.21;Apple;US0378331005;1.816277;;0.18;;
2026-02-16T09:41:22;Achat;-40.0;BYD;CNE100000296;3.818615;;;;
2026-02-16T14:56:41;Achat;-50.0;Booking Holdings;US09857L1089;0.014212;;;;
2026-02-16T15:31:22;Achat;-50.0;Berkshire Hathaway (B);US0846707026;0.118539;;;;
2026-03-01T05:29:41;Intérêts;24.41;Zinsen;;;;;;
2026-03-02T09:23:40;Achat;-127.06;PEA MSCI Emerging Markets ESG EUR (Acc);FR0013412020;4.0;;;;
2026-03-02T10:11:14;Achat;-49.44;Pea Monde MSCI World EUR (Acc);FR001400U5Q4;9.0;;;;
2026-03-02T12:26:30;Dividendes;1.14;Visa;US92826C8394;3.756212;;0.99;;
2026-03-02T12:56:51;Achat;-241.62;Stoxx Europe 600 EUR (acc);FR0011550193;12.0;;;;
2026-03-02T13:08:41;Achat;-58.25;S&P Euro Dividend Aristocrats (Dist);IE00B5M1WJ87;2.0;;;;
2026-03-11T09:25:58;Dividendes;0.49;Tractor Supply;US8923561067;4.287825;;0.4;;
2026-03-12T08:46:53;Dividendes;1.07;Microsoft;US5949181045;2.539455;;0.92;;
2026-03-16T11:00:41;Achat;-184.74;PEA MSCI Emerging Markets ESG EUR (Acc);FR0013412020;6.0;;;;
2026-03-16T11:27:06;Achat;-146.88;Pea Monde MSCI World EUR (Acc);FR001400U5Q4;27.0;;;;
2026-03-16T11:56:41;Dividendes;0.68;Alphabet (A);US02079K3059;7.051573;;0.61;;
2026-03-16T12:56:51;Achat;-290.64;Stoxx Europe 600 EUR (acc);FR0011550193;15.0;;;;
2026-03-16T13:08:42;Achat;-84.53;S&P Euro Dividend Aristocrats (Dist);IE00B5M1WJ87;3.0;;;;
2026-03-24T09:54:56;Dividendes;2.91;BlackRock;US09290D1019;1.095123;;2.52;;
2026-03-26T08:54:46;Dividendes;0.49;Meta Platforms (A);US30303M1027;1.959065;;0.4;;
2026-03-31T08:26:11;Dividendes;1.31;Broadcom;US11135F1012;4.304313;;1.13;;
2026-03-31T08:45:24;Dividendes;1.07;Booking Holdings;US09857L1089;0.218498;;0.92;;
2026-03-31T15:49:20;Dividendes;0.76;S&P Euro Dividend Aristocrats (Dist);IE00B5M1WJ87;5.0;;;;
2026-04-01T01:59:00;Intérêts;26.97;Zinsen;;;;;;
2026-04-01T08:08:10;Dividendes;0.02;NVIDIA;US67066G1040;6.139241;;0.03;;
2026-04-02T08:23:41;Achat;-177.93;PEA MSCI Emerging Markets ESG EUR (Acc);FR0013412020;6.0;;;;
2026-04-02T09:11:15;Achat;-148.68;Pea Monde MSCI World EUR (Acc);FR001400U5Q4;28.0;;;;
2026-04-02T11:56:51;Achat;-287.01;Stoxx Europe 600 EUR (acc);FR0011550193;15.0;;;;
2026-04-02T12:08:42;Achat;-84.71;S&P Euro Dividend Aristocrats (Dist);IE00B5M1WJ87;3.0;;;;
